OBJECT_NAME,OBJECT_ID,EPOCH,MEAN_MOTION,ECCENTRICITY,INCLINATION,RA_OF_ASC_NODE,ARG_OF_PERICENTER,MEAN_ANOMALY,EPHEMERIS_TYPE,CLASSIFICATION_TYPE,NORAD_CAT_ID,ELEMENT_SET_NO,REV_AT_EPOCH,BSTAR,MEAN_MOTION_DOT,MEAN_MOTION_DDOT
ISS (ZARYA),1998-067A,2026-09-30T03:25:12.177120,15.48692916,.00070362,51.6314,140.6663,204.8576,155.2074,0,U,25544,999,58802,.71684861E-4,.346E-4,0
ISS (ZARYA),1998-067A,2026-09-30T11:09:48.187584,15.48696172,.0007017,51.6316,139.0707,206.1646,153.8989,0,U,25544,999,58807,.75168963E-4,.3651E-4,0
ISS (ZARYA),1998-067A,2026-09-30T20:27:19.351584,15.48699564,.00070054,51.6316,137.1559,207.6272,152.4345,0,U,25544,999,58813,.76930548E-4,.3748E-4,0
ISS (ZARYA),1998-067A,2026-10-01T02:39:00.159264,15.48700165,.00069663,51.6315,135.8796,208.5453,151.5154,0,U,25544,999,58817,.68953808E-4,.3312E-4,0
ISS (ZARYA),1998-067A,2026-10-01T11:56:31.238592,15.48703850,.00069344,51.6318,133.9648,209.9872,150.0720,0,U,25544,999,58823,.76468444E-4,.3723E-4,0
ISS (ZARYA),1998-067A,2026-10-01T19:41:07.107360,15.48706258,.00069377,51.6316,132.3693,211.2109,148.8469,0,U,25544,999,58828,.78825471E-4,.3852E-4,0
ISS (ZARYA),1998-067A,2026-10-02T00:19:52.567968,15.48707684,.00069463,51.6312,131.4121,211.9293,148.1275,0,U,25544,999,58831,.7674284E-4,.3738E-4,0
ISS (ZARYA),1998-067A,2026-10-02T11:10:18.655680,15.48710782,.00069284,51.6313,129.1782,213.7086,146.3462,0,U,25544,999,58838,.74913218E-4,.3639E-4,0
ISS (ZARYA),1998-067A,2026-10-02T20:27:49.282272,15.48720404,.0006924,51.6313,127.2636,216.0999,143.9522,0,U,25544,999,58844,.11451629E-3,.5805E-4,0
ISS (ZARYA),1998-067A,2026-10-02T20:27:49.282272,15.48720404,.0006924,51.6313,127.2636,216.0999,143.9522,0,U,25544,999,58844,.11452E-3,.5805E-4,0
ISS (ZARYA),1998-067A,2026-10-03T01:06:34.599456,15.48722558,.0006899,51.6314,126.3061,216.4733,143.5786,0,U,25544,999,58847,.11349386E-3,.575E-4,0
ISS (ZARYA),1998-067A,2026-10-03T11:57:00.363168,15.48725660,.00069143,51.6313,124.0722,218.1010,141.9490,0,U,25544,999,58854,.1012829E-3,.5083E-4,0
